{
  "fc": {
    "test_acc": 0.5337,
    "train_acc": 0.64146,
    "time": 164.24812626838684,
    "params": 3837066
  },
  "residual_cnn": {
    "test_acc": 0.7935,
    "train_acc": 0.92698,
    "time": 221.5053791999817,
    "params": 483530
  },
  "dropout_residual_cnn": {
    "test_acc": 0.8541,
    "train_acc": 0.9013,
    "time": 222.14295053482056,
    "params": 483530
  }
}