{
  "fc_cifar": {
    "test_acc": 0.5317,
    "train_acc": 0.63736,
    "time": 164.6584312915802,
    "params": 3837066
  },
  "residual_cnn_cifar": {
    "test_acc": 0.8251,
    "train_acc": 0.92532,
    "time": 221.85391235351562,
    "params": 483530
  },
  "dropout_residual_cnn": {
    "test_acc": 0.8118,
    "train_acc": 0.89974,
    "time": 229.9941530227661,
    "params": 483530
  }
}