{
  "CNN_3": {
    "test_acc": 0.621,
    "train_acc": 0.79966,
    "time": 180.814208984375,
    "params": 224842
  },
  "CNN_5": {
    "test_acc": 0.7054,
    "train_acc": 0.8385,
    "time": 219.75854897499084,
    "params": 621130
  },
  "CNN_7": {
    "test_acc": 0.7583,
    "train_acc": 0.85622,
    "time": 324.51172041893005,
    "params": 1215562
  },
  "CNN_Mixed_1+3": {
    "test_acc": 0.6383,
    "train_acc": 0.68228,
    "time": 184.44050097465515,
    "params": 98218
  }
}