{
  "CNN_3": {
    "test_acc": 0.6922,
    "train_acc": 0.79434,
    "time": 185.1512360572815,
    "params": 224842
  },
  "CNN_5": {
    "test_acc": 0.7255,
    "train_acc": 0.84638,
    "time": 223.23139667510986,
    "params": 621130
  },
  "CNN_7": {
    "test_acc": 0.7336,
    "train_acc": 0.85506,
    "time": 326.76206970214844,
    "params": 1215562
  },
  "CNN_Mixed_1+3": {
    "test_acc": 0.6648,
    "train_acc": 0.6808,
    "time": 191.8117799758911,
    "params": 98218
  }
}