{
  "CNN_shallow": {
    "test_acc": 0.546,
    "train_acc": 0.56492,
    "time": 178.29119324684143,
    "params": 20138
  },
  "CNN_medium": {
    "test_acc": 0.7259,
    "train_acc": 0.83406,
    "time": 216.49818110466003,
    "params": 391466
  },
  "CNN_deep": {
    "test_acc": 0.8098,
    "train_acc": 0.96422,
    "time": 250.5824453830719,
    "params": 1572138
  },
  "CNN_residual": {
    "test_acc": 0.8077,
    "train_acc": 0.89926,
    "time": 216.1683886051178,
    "params": 483530
  }
}