{
  "fc": {
    "test_acc": 0.9769,
    "train_acc": 0.9915833333333334,
    "time": 184.1083698272705,
    "params": 242762
  },
  "simple_cnn": {
    "test_acc": 0.9923,
    "train_acc": 0.9960666666666667,
    "time": 202.75509524345398,
    "params": 421642
  },
  "residual_cnn": {
    "test_acc": 0.9933,
    "train_acc": 0.9960666666666667,
    "time": 232.85227060317993,
    "params": 160906
  }
}